{
    "title": "Corruption",
    "items": [
        {
            "text": "Run DBV",
            "submenu": {
                "title": "Run DBV",
                "items": [
                    {
                        "text": "For an individual data file",
                        "command": [
                            "read -rp 'Data file path: ' DBFILE",
                            "Run_DBV.ksh -sid ${ORACLE_SID} -dbfile ${DBFILE}"
                        ]
                    },
                    {
                        "text": "For a set of files",
                        "command": [
                            "read -rp 'Batch file path: ' BATCHFILE",
                            "Run_DBV.ksh -sid ${ORACLE_SID} -batch_file ${BATCHFILE}"
                        ]
                    },
                    {
                        "text": "For the entire database",
                        "command": [
                            "declare CONFIRM",
                            "declare -i THREADS=0",
                            "read -rp 'Are you sure? (yes/n) ' CONFIRM",
                            "[[ ${CONFIRM,,} == yes ]] || exit 1",
                            "read -rp 'Number of threads [8]: ' THREADS",
                            "(( THREADS > 0 )) || THREADS=8",
                            "Run_DBV.ksh -sid ${ORACLE_SID} -full_db y -parallel ${THREADS}"
                        ]
                    }
                ]
            }
        },
        {
            "text": "RMAN Validate",
            "submenu": {
                "title": "RMAN Validate",
                "items": [
                    {
                        "text": "For an individual data file",
                        "command": [
                            "read -rp 'Data file path: ' DBFILE",
                            "RMAN_Check.ksh -sid ${ORACLE_SID} -dbfile ${DBFILE}"
                        ]
                    },
                    {
                        "text": "For a set of files",
                        "command": [
                            "read -rp 'Batch file path: ' BATCHFILE",
                            "RMAN_Check.ksh -sid ${ORACLE_SID} -batch_file ${BATCHFILE}"
                        ]
                    },
                    {
                        "text": "For the entire database",
                        "command": [
                            "declare CONFIRM",
                            "declare -i CHANNELS=0",
                            "read -rp 'Are you sure? (yes/n) ' CONFIRM",
                            "[[ ${CONFIRM,,} == yes ]] || exit 1",
                            "read -rp 'Number of parallel channels [8]: ' CHANNELS",
                            "(( CHANNELS > 0 )) || CHANNELS=8",
                            "RMAN_Check.ksh -sid ${ORACLE_SID} -full_db y -channels ${CHANNELS}"
                        ]
                    }
                ]
            }
        },
        {
            "text": "Check V$ View",
            "command": "sqlplus -s '/ as sysdba' @rman_corruption_query.sql"
        },
        {
            "text": "Identify Corrupted Object",
            "command": "sqlplus -s '/ as sysdba' @block_corruption_details.sql"
        }
    ]
}
