{
   "title": "DB Session Details",
   "items": [
      {
         "help": "sid.txt",
         "command": "sqlplus -s '/ as sysdba' @sid.sql",
         "text": "SID"
      },
      {
         "help": "sdet.txt",
         "command": "sqlplus -s '/ as sysdba' @ses_det.sql",
         "text": "Session Details"
      },
      {
         "help": "undo.txt",
         "command": "sqlplus -s '/ as sysdba' @rbs_sid.sql",
         "text": "High Undo(RBS) Sessions"
      },
      {
         "help": "temp.txt",
         "command": "sqlplus -s '/ as sysdba' @temp_usage.sql",
         "text": "High Temp Sessions"
      },
      {
         "help": "redo.txt",
         "command": "sqlplus -s '/ as sysdba' @high_redo_sessions.sql",
         "text": "High Redo Sessions"
      },
      {
         "help": "kill.txt",
         "command": "Smart_Kill",
         "text": "Kill Sessions"
      },
      {
         "help": "prll.txt",
         "command": "sqlplus -s '/ as sysdba' @parallel_query.sql",
         "text": "Parallel Session Details"
      },
      {
         "text": "Session Counts",
         "submenu": "session_counts/menu.json"
      },
      {
         "help": "sstat.txt",
         "command": "sqlplus -s '/ as sysdba' @session_statistics.sql",
         "text": "Session Statistics"
      },
      {
         "text": "SQL Text Details",
         "submenu": "sql_text_details/menu.json"
      },
      {
         "text": "SQL Plan",
         "submenu": "sql_plan/menu.json"
      },
      {
         "help": "lngop.txt",
         "command": "Ses_Longops.ksh",
         "text": "Session Longops"
      },
      {
         "help": "rstat.txt",
         "command": "sqlplus -s '/ as sysdba' @rbs_rolling_back.sql",
         "text": "Sessions Rolling Back"
      },
      {
         "help": "pgas.txt",
         "command": "sqlplus -s '/ as sysdba' @mem_sid.sql",
         "text": "PGA for a Session"
      },
      {
         "help": "shist.txt",
         "command": "Session_History.ksh",
         "text": "Session History"
      }
   ]
}