{
   "title": "CM",
   "items": [
      {
         "help": "crst.txt",
         "command": "sqlplus -s '/ as sysdba' @cr_status.sql",
         "text": "Concurrent Request Status"
      },
      {
         "help": "r2sid.txt",
         "command": "sqlplus -s '/ as sysdba' @reqtosid.sql",
         "text": "Request To Sid"
      },
      {
         "help": "sid2r.txt",
         "command": "sqlplus -s '/ as sysdba' @sidtoreqid.sql",
         "text": "Sid To Request"
      },
      {
         "help": "crd.txt",
         "command": "sqlplus -s '/ as sysdba' @conc_req_details.sql",
         "text": "Concurrent Request Details"
      },
      {
         "help": "cmd.txt",
         "command": "sqlplus -s '/ as sysdba' @conc_mgrs_details.sql",
         "text": "Concurrent Manager Details"
      },
      {
         "help": "crtot.txt",
         "command": "Chk_Total_Conc_Req_Count.ksh",
         "text": "Total Concurrent Request Count"
      },
      {
         "help": "crspc.txt",
         "command": "Chk_Conc_Req_Count.ksh",
         "text": "Specific Concurrent Request Count"
      },
      {
         "help": "crtm.txt",
         "command": "sqlplus -s '/ as sysdba' @Conc_Prog_Run_Time.sql",
         "text": "Runtime Of Concurrent Program"
      },
      {
         "help": "pend.txt",
         "command": "sqlplus -s '/ as sysdba' @analyze_pending_requests.sql",
         "text": "Review Pending Requests"
      },
      {
         "help": "updcr.txt",
         "command": "Update_Conc_Req_Status.ksh",
         "text": "Update Phase/Status Code"
      },
      {
         "help": "updq.txt",
         "command": "Update_Conc_Queue_Slots.ksh",
         "text": "Update Concurrent Queue Slots"
      },
      {
         "help": "cend.txt",
         "command": "sqlplus -s '/ as sysdba' @reports_by_enddated_user.sql",
         "text": "View Concurrent Requests By End Dated Users"
      }
   ]
}
