{
   "title": "DB Info",
   "items": [
      {
         "help": "gdb.txt",
         "command": "Generic_DB_Info.ksh",
         "text": "General Details"
      },
      {
         "help": "spool.txt",
         "command": "sqlplus -s '/ as sysdba' @shared_pool_details.sql",
         "text": "Shared Pool Details"
      },
      {
         "help": "undod.txt",
         "command": "sqlplus -s '/ as sysdba' @undo_details.sql",
         "text": "Undo Details"
      },
      {
         "text": "Redo Details",
         "submenu": "redo_details/menu.json"
      },
      {
         "help": "tempd.txt",
         "command": "sqlplus -s '/ as sysdba' @total_temp.sql",
         "text": "Temp Details"
      },
      {
         "help": "tbs.txt",
         "command": "sqlplus -s '/ as sysdba' @tablespace_info.sql",
         "text": "Tablespace Information"
      },
      {
         "help": "user.txt",
         "command": "sqlplus -s '/ as sysdba' @get_user_details.sql",
         "text": "User Information"
      },
      {
         "text": "Datafile Info",
         "submenu": "datafile_info/menu.json"
      },
      {
         "text": "Parameters Information",
         "submenu": "parameters_information/menu.json"
      },
      {
         "help": "prof.txt",
         "command": "sqlplus -s '/ as sysdba' @profile_details.sql",
         "text": "Profile Details"
      },
      {
         "help": "alert.txt",
         "command": "View_Alertlog.ksh",
         "text": "View Alert Log"
      },
      {
         "text": "DB Growth",
         "submenu": "db_growth/menu.json"
      },
      {
         "text": "Privilege Information",
         "submenu": "privilege_information/menu.json"
      },
      {
         "text": "DBA Jobs Information",
         "submenu": "dba_jobs_information/menu.json"
      },
      {
         "text": "Backup Information",
         "submenu": "backup_information/menu.json",
         "enabled": false
      },
      {
         "help": "opat.txt",
         "command": "Opatch_Details.ksh",
         "text": "Opatch Details"
      }
   ]
}
