{
   "title": "Workflow",
   "items": [
      {
         "help": "wfcst.txt",
         "command": "sqlplus -s '/ as sysdba' @wf_status.sql",
         "text": "Workflow Component Status"
      },
      {
         "help": "wfdst.txt",
         "command": "sqlplus -s '/ as sysdba' @wf_deferred_status.sql",
         "text": "Workflow Deferred Event Status"
      },
      {
         "help": "wfnst.txt",
         "command": "sqlplus -s '/ as sysdba' @wf_notification_status.sql",
         "text": "Workflow Notification Status"
      },
      {
         "help": "wfrt.txt",
         "command": "sqlplus -s '/ as sysdba' @wf_deferred_process_rate.sql",
         "text": "Process Rate Of WF_DEFERRED Listener"
      }
   ]
}
