{
   "title": "DB Waits",
   "items": [
      {
         "help": "sw.txt",
         "command": "sqlplus -s '/ as sysdba' @sw.sql",
         "text": "Session Waits"
      },
      {
         "help": "swd.txt",
         "command": "sqlplus -s '/ as sysdba' @session_wait_details.sql",
         "text": "Detailed Session Waits"
      },
      {
         "help": "evlk.txt",
         "command": "sqlplus -s '/ as sysdba' @event_like.sql",
         "text": "Event Like"
      },
      {
         "help": "swsid.txt",
         "command": "sqlplus -s '/ as sysdba' @specific_session_waits.sql",
         "text": "Waits For A Specific SID"
      },
      {
         "text": "Locks",
         "submenu": "locks/menu.json"
      },
      {
         "help": "lclk.txt",
         "command": "sqlplus -s '/ as sysdba' @lib_cache_lock_details.sql",
         "text": "Library Cache Lock Details"
      },
      {
         "help": "lcpin.txt",
         "command": "sqlplus -s '/ as sysdba' @lib_cache_pin.sql",
         "text": "Library Cache Pin"
      },
      {
         "help": "cpin.txt",
         "command": "sqlplus -s '/ as sysdba' @cursor_pin_s.sql",
         "text": "Blocker For Cursor Pin S Wait On X"
      },
      {
         "text": "GC Related Waits",
         "submenu": "gc_related_waits/menu.json"
      },
      {
         "help": "srwt.txt",
         "command": "Search_Waits.ksh",
         "text": "Search Wait Events"
      }
   ]
}