{
   "title": "Privilege Information",
   "items": [
      {
         "help": "spriv.txt",
         "command": "sqlplus -s '/ as sysdba' @sys_privs.sql",
         "text": "System Privileges"
      },
      {
         "help": "upriv.txt",
         "command": "sqlplus -s '/ as sysdba' @user_sprivs.sql",
         "text": "User System Privileges"
      },
      {
         "help": "tpriv.txt",
         "command": "sqlplus -s '/ as sysdba' @user_tprivs.sql",
         "text": "User Table Privileges"
      }
   ]
}