{
   "title": "CRS",
   "items": [
      {
         "help": "crsst.txt",
         "command": "CRS_Status.ksh",
         "text": "CRS Status"
      },
      {
         "help": "crsv.txt",
         "command": "CRS_Version.ksh",
         "text": "CRS Version"
      },
      {
         "help": "ocrvt.txt",
         "command": "CRS_VoteOCR.ksh",
         "text": "CRS Votedisk/OCR Information"
      },
      {
         "help": "serv.txt",
         "command": "CRS_Services.ksh",
         "text": "CRS Service Information"
      }
   ]
}