{
    "title": "Listener Management",
    "items": [
        {
            "text": "Status of Listener",
            "command": "Listener_Status.ksh",
            "help": "Listener_Status.txt"
        },
        {
            "text": "Reload Listener",
            "command": "Listener_Reload.ksh",
            "help": "Listener_Reload.txt"
        },
        {
            "text": "Start Listener",
            "command": "Listener_Start.ksh",
            "help": "Listener_Start.txt"
        },
        {
            "text": "Stop Listener",
            "command": "Listener_Stop.ksh",
            "help": "Listener_Stop.txt"
        }
    ]
}
