{
   "title": "Popular Items",
   "items": [
      {
         "help": "p1.txt",
         "command": "sqlplus -s '/ as sysdba' @sid.sql",
         "text": "Specific sid"
      },
      {
         "help": "p2.txt",
         "command": "sqlplus -s '/ as sysdba' @sw.sql",
         "text": "Session Waits"
      },
      {
         "help": "p3.txt",
         "command": "sqlplus -s '/ as sysdba' @event_like.sql",
         "text": "Event Like"
      },
      {
         "help": "p4.txt",
         "command": "sqlplus -s '/ as sysdba' @get_rac_db_waiters.sql",
         "text": "Global Locks"
      },
      {
         "help": "p5.txt",
         "command": "sqlplus -s '/ as sysdba' @temp_usage.sql",
         "text": "High Temp Sessions"
      },
      {
         "help": "p6.txt",
         "command": "sqlplus -s '/ as sysdba' @high_redo_sessions.sql",
         "text": "High Redo Sessions"
      },
      {
         "help": "p7.txt",
         "command": "sqlplus -s '/ as sysdba' @undo_details.sql",
         "text": "Undo Details"
      },
      {
         "help": "p8.txt",
         "command": "Smart_Kill",
         "text": "Kill Sessions"
      }
   ]
}