{
   "title": "SQL Text Details",
   "items": [
      {
         "help": "h2s.txt",
         "command": "sqlplus -s '/ as sysdba' @hash_2_sql.sql",
         "text": "SQL Hash to Text"
      },
      {
         "help": "i2s.txt",
         "command": "sqlplus -s '/ as sysdba' @sqlid_2_sql.sql",
         "text": "SQL ID to Text"
      },
      {
         "help": "s2h.txt",
         "command": "sql_2_hash.ksh",
         "text": "SQL Text Like"
      },
      {
         "help": "i2h.txt",
         "command": "sqlplus -s '/ as sysdba' @sqlid_2_sqlhash.sql",
         "text": "SQL ID to SQL Hash"
      }
   ]
}