{
    "title": "Oracle Menu",
    "items": [
        {
            "text": "Host Info",
            "submenu": "host_info/menu.json"
        },
        {
            "text": "DB Health",
            "submenu": "db_health/menu.json",
	    "enabled": false
        },
        {
            "text": "DB Maintenance",
            "submenu": "db_maintenance/menu.json",
            "enabled": false
        },
        {
            "text": "DB Session Details",
            "submenu": "db_session_details/menu.json"
        },
        {
            "text": "DB Waits",
            "submenu": "db_waits/menu.json"
        },
        {
            "text": "DB Object Details",
            "submenu": "db_object_details/menu.json"
        },
        {
            "text": "DB Info",
            "submenu": "db_info/menu.json"
        },
        {
            "text": "Apps Details",
            "submenu": "apps_details/menu.json"
        },
        {
            "text": "OEM",
            "submenu": "oem/menu.json",
            "enabled": false
        },
        {
            "text": "CRS",
            "submenu": "crs/menu.json",
            "enabled": false
        },
        {
            "text": "Popular Items",
            "submenu": "popular_items/menu.json",
            "enabled": false
        },
        {
            "text": "Upcoming Items",
            "submenu": "upcoming_items/menu.json",
            "enabled": false
        },
        {
            "text": "Useful Information",
            "submenu": "useful_information/menu.json",
	    "enabled": false
        }
    ]
}
