{
    "title": "DB Health",
    "items": [
        {
            "text": "Dumps",
            "submenu": "dumps/menu.json"
        },
        {
            "text": "Corruption",
            "submenu": "corruption/menu.json",
            "enabled": false
        },
        {
            "text": "DB Status Check",
            "command": "Verify_Env.ksh"
        },
        {
            "text": "DB and Appln Status Check",
            "command": "env_verification_report.sh"
        },
        {
            "text": "Verify Local/Remote Listener Parameters",
            "command": "Chk_Remote_lsnr.ksh",
            "enabled": false
        }
    ]
}
