{
   "title": "DB Object Details",
   "items": [
      {
         "help": "gddl.txt",
         "command": "sqlplus -s '/ as sysdba' @get_ddl.sql",
         "text": "Get DDL For Object"
      },
      {
         "help": "obji.txt",
         "command": "Object_Info.ksh",
         "text": "Specific Object Details"
      },
      {
         "help": "lddl.txt",
         "command": "sqlplus -s '/ as sysdba' @last_ddl_time.sql",
         "text": "Objects Modified In Last How Many Days"
      },
      {
         "help": "lana.txt",
         "command": "sqlplus -s '/ as sysdba' @last_analyzed.sql",
         "text": "Analyze Details"
      },
      {
         "text": "All DB Link Info",
         "submenu": "all_db_link_info/menu.json"
      },
      {
         "help": "mvdtl.txt",
         "command": "sqlplus -s '/ as sysdba' @mv_details.sql",
         "text": "All Materialized View Details"
      },
      {
         "help": "inv.txt",
         "command": "Get_Invalids.ksh",
         "text": "Invalid Objects"
      },
      {
         "text": "Analyze History",
         "submenu": "analyze_history/menu.json"
      },
      {
         "help": "ogrth.txt",
         "command": "Obj_Growth_Det.ksh",
         "text": "Object Growth Details"
      },
      {
         "help": "olike.txt",
         "command": "sqlplus -s '/ as sysdba' @obj_like.sql",
         "text": "Object Like"
      },
      {
         "help": "osize.txt",
         "command": "sqlplus -s '/ as sysdba' @objects_by_size.sql",
         "text": "Objects By Size"
      },
      {
         "help": "oprll.txt",
         "command": "sqlplus -s '/ as sysdba' @high_degree.sql",
         "text": "Objects With High Parallelism"
      },
      {
         "help": "unind.txt",
         "command": "sqlplus -s '/ as sysdba' @unusable_indexes.sql",
         "text": "Unusable Indexes/Index Partitions"
      },
      {
         "help": "last.txt",
         "command": "sqlplus -s '/ as sysdba' @last_all.sql",
         "text": "All Changes To Objects In Last How Many Hours"
      },
      {
         "help": "stal.txt",
         "command": "Stale_Obj_Det.ksh",
         "text": "Stale Objects With Plan Change"
      }
   ]
}
