{
   "title": "OEM",
   "items": [
      {
         "help": "dash.txt",
         "command": "Pages_Dashboard.ksh",
         "text": "Alert Dashboard"
      },
      {
         "help": "emsta.txt",
         "command": "OEM_Scripts.ksh agent_status.oem",
         "text": "Agent Status"
      },
      {
         "help": "emstp.txt",
         "command": "OEM_Scripts.ksh agent_stop.oem",
         "text": "Stop Agent"
      },
      {
         "help": "emstr.txt",
         "command": "OEM_Scripts.ksh agent_start.oem",
         "text": "Start Agent"
      },
      {
         "help": "emrst.txt",
         "command": "OEM_Scripts.ksh agent_restart.oem",
         "text": "Restart Agent"
      },
      {
         "help": "emupd.txt",
         "command": "OEM_Scripts.ksh agent_upload.oem",
         "text": "Upload Agent"
      },
      {
         "help": "emclr.txt",
         "command": "OEM_Scripts.ksh agent_clear.oem",
         "text": "Clear State Agent"
      },
      {
         "help": "emtrg.txt",
         "command": "OEM_Scripts.ksh list_targets.oem",
         "text": "List Targets"
      },
      {
         "help": "emver.txt",
         "command": "OEM_Scripts.ksh agent_version.oem",
         "text": "Agent Version"
      },
      {
         "help": "embbl.txt",
         "command": "OEM_Scripts.ksh start_blackout.oem",
         "text": "Begin Blackout"
      },
      {
         "help": "emebl.txt",
         "command": "OEM_Scripts.ksh stop_blackout.oem",
         "text": "End Blackout"
      }
   ]
}