{
   "title": "Locks",
   "items": [
      {
         "help": "lckg.txt",
         "command": "sqlplus -s '/ as sysdba' @get_rac_db_waiters.sql",
         "text": "Global Locks"
      },
      {
         "help": "lkdml.txt",
         "command": "sqlplus -s '/ as sysdba' @dml.sql",
         "text": "DML Locks"
      },
      {
         "help": "lkddl.txt",
         "command": "sqlplus -s '/ as sysdba' @ddl.sql",
         "text": "DDL Locks"
      },
      {
         "help": "lcko.txt",
         "command": "sqlplus -s '/ as sysdba' @lock_on_objects.sql",
         "text": "Lock On Objects"
      }
   ]
}