{
    "title": "File Management",
    "items": [
        {
            "text": "Nullify File",
            "command": "Nullify_File.ksh",
            "help": "Nullify_File.txt"
        },
        {
            "text": "Copy Datafile to Standby",
            "command": "Copy_Files_To_DG.ksh",
            "help": "Copy_Files_To_DG.txt"
        },
        {
            "text": "Delete Files",
            "command": "Delete_Files.ksh",
            "help": "Delete_Files.txt"
        },
        {
            "text": "Find Large Files",
            "command": "Find_Large_Files.ksh",
            "help": "Find_Large_Files.txt"
        }
    ]
}
