{
    "title": "Doctor Dumps",
    "items": [
        {
            "text": "Process State Dump",
            "command": "Process_State_Dump.ksh ${ORACLE_SID}",
            "help": "Process_State_Dump.txt"
        },
        {
            "text": "Error Stack",
            "command": "Error_Stack_Dump.ksh ${ORACLE_SID}",
            "help": "Error_Stack_Dump.txt",
            "enabled": false
        },
        {
            "text": "Pstack",
            "command": "Pstack.ksh ${ORACLE_SID}",
            "help": "Pstack.txt",
            "enabled": false
        },
        {
            "text": "Strace/Truss",
            "command": "Strace.ksh ${ORACLE_SID}",
            "help": "Strace.txt"
        },
        {
            "text": "Hang Analyze",
            "command": "Hang_Analyze.ksh ${ORACLE_SID}",
            "help": "Hang_Analyze.txt",
            "enabled": false
        },
        {
            "text": "System State Dump",
            "command": "System_State_Dump.ksh ${ORACLE_SID}",
            "help": "System_State_Dump.txt"
        },
        {
            "text": "Library Cache Dump",
            "command": "Library_Cache_Dump.ksh ${ORACLE_SID}",
            "help": "Library_Cache_Dump.txt",
            "enabled": false
        },
        {
            "text": "Heap Dump",
            "command": "Heap_Dump.ksh ${ORACLE_SID}",
            "help": "Heap_Dump.txt",
            "enabled": false
        },
        {
            "text": "Dump Of Archivelogs",
            "command": "Archive_Log_Dump.ksh ${ORACLE_SID}",
            "help": "Archive_Log_Dump.txt",
            "enabled": false
        },
        {
            "text": "RAC Diagnosis",
            "command": "RAC_Diagnosis.ksh ${ORACLE_SID}",
            "help": "RAC_Diagnosis.txt",
            "enabled": false
        },
        {
            "text": "Collect Files For Oracle",
            "command": "Collect_Files_For_Oracle.ksh ${ORACLE_SID}",
            "help": "Collect_Files_For_Oracle.txt"
        }
    ]
}

