{
    "title": "DB Maintenance",
    "items": [
        {
            "text": "Add Space",
            "command": "Add_Space.ksh",
            "help": "Add_Space.txt"
        },
        {
            "text": "Start Oracle",
            "command": "start_oracle",
            "help": "start_oracle.txt",
            "enabled": false
        },
        {
            "text": "Stop Oracle",
            "command": "stop_oracle",
            "help": "stop_oracle.txt",
            "enabled": false
        },
        {
            "text": "User Maintenance",
            "submenu": "user/menu.json",
            "enabled": false
        },
        {
            "text": "Free Volumes",
            "command": "free_vol.sh ${ORACLE_SID}",
            "help": "free_vol.txt",
            "enabled": false
        },
        {
            "text": "Analyze Table",
            "command": "/oraclesw/Monitoring/Standard/script/Smart_Analyze",
            "help": "Smart_Analyze.txt",
            "enabled": false
        },
        {
            "text": "Compile Invalids",
            "command": "Compile_Invalids.ksh",
            "help": "Compile_Invalids.txt -sid ${ORACLE_SID} -parallel 1"
        },
        {
            "text": "Trace",
            "submenu": "trace/menu.json",
            "enabled": false
        },
        {
            "text": "File Management",
            "submenu": "file/menu.json",
            "enabled": false
        },
        {
            "text": "Listener Management",
            "submenu": "listener/menu.json",
            "enabled": false
        }
    ]
}

